-1,二级列表、有词条的搜索、404、其他板块新闻
0,滚动财经新闻 finance.sina.com.cn/7x24/
1,视频（东方财富网采访）
2,凤凰财经研究院下学术委员 finance.ifeng.com/institute/index.shtml
3,二级列表（东方财富数据中心）
4,二级列表（东方财富数据中心）
5,二级列表（东方财富数据中心）
6,二级列表（东方财富数据中心）
7,二级列表（东方财富数据中心）
8,研究机构报告正文（东方财富）
9,二级列表（东方财富数据中心）
10,研究机构报告正文（东方财富）
11,二级列表（东方财富数据中心）
12,二级列表（东方财富数据中心）
13,新浪财经地产新闻专题、东方财富专题——链家事件
14,新浪财经白酒新闻专题、东方财富产品——choice接口
15,二级列表（东方财富数据中心）
16,二级列表（东方财富数据中心）
17,二级列表（东方财富数据中心）
18,二级列表（东方财富数据中心）
19,其他板块新闻（网易）
20,其他板块新闻（网易）、金融界爱投顾
21,研究机构报告正文（东方财富）
22,评股人短视频（网易）
23,网易邮箱、财富大咖秀（东方财富）、网易广告
24,评股人短视频（网易）
25,其他短视频（网易）
26,财经新闻（官方的+个人号）
27,凤凰网下个股评价，大量404，企业广告
28,凤凰图书（凤凰网）
29,新浪股市直播、网易个人主页（发帖跟帖）
30,404不能访问（东方财富旗下证券公司）
31,股吧论坛（网易）
32,股吧论坛（网易）
33,股吧论坛（网易）
34,股吧论坛（网易）
35,其他板块（网易）
36,二级列表（东方财富数据中心）
37,二级列表（东方财富数据中心）
38,二级列表（东方财富数据中心）
39,二级列表（东方财富数据中心）
40,股吧论坛（凤凰、网易）
41,二级列表（东方财富数据中心）
42,词条搜索（东方财富）
43,词条搜索（东方财富）
44,词条搜索（东方财富）
45,词条搜索（东方财富）
46,股票数据页面（东方财富）
47,二级列表（东方财富数据中心）
48,二级列表（东方财富新三板新闻）
49,视频（网易）
50,个人编辑新闻（网易，网易号）
51,个人编辑新闻（网易，网易号）
52,个人编辑新闻（网易，网易号）
53,个人编辑新闻（网易，网易号）
54,个人编辑新闻（网易，网易号）
55,滚动新闻、blog.sina.com.cn/tqtz888个人财经博客
56,个人财经博客（新浪、东方财富）
57,凤凰其他板块
58,视频（凤凰）
59,新闻（凤凰）
60,其他板块（搜狐）
61,搜索词条（东方财富）
62,词条搜索（东方财富）
63,其他板块（凤凰、网易）
64,其他板块
65,其他板块
66,其他板块
67,其他板块
68,其他板块
69,其他板块
70,其他板块
71,其他板块
72,其他板块
73,其他板块
74,其他板块
75,其他板块
76,其他板块
77,其他板块
78,其他板块
79,其他板块
80,其他板块
81,其他板块
82,二级列表（东方财富数据中心）
83,登陆中心（东方财富）
84,其他板块
85,其他板块
86,其他板块
87,其他板块
88,其他板块
89,其他板块
90,其他板块
91,其他板块
92,二级列表（东方财富行情中心）
93,二级列表（东方财富行情中心）
94,其他板块
95,其他板块
96,二级列表（东方财富行情中心）
97,二级列表（东方财富行情中心）
98,二级列表（东方财富行情中心）
99,其他板块
100,其他板块
101,其他板块
102,二级列表（东方财富行情中心）
103,二级列表（东方财富行情中心）
104,其他板块
105,其他板块
106,二级列表（东方财富数据中心）
107,投资公司广告（网易）
108,投资公司广告（中金在线）
109,二级列表（东方财富数据中心）
110,其他板块
111,其他板块
112,其他板块
113,其他板块
114,其他板块
115,其他板块
116,其他板块
117,其他板块
118,机构号主页（东方财富）
119,其他板块
120,其他板块
121,新浪股吧首页
122,凤凰新闻
123,股票数据页面（东方财富）
124,财经博客（东方财富）
125,其他板块
126,其他板块
127,其他板块
128,搜索词条（东方财富）
129,其他板块
130,新闻号、新闻、数据中心
131,其他板块
132,其他板块
133,其他板块
134,跟帖评论
135,股吧（东方财富）
136,机构研报
137,其他板块
138,话题（东方财富）
139,其他板块
140,新浪APP广告
141,股评人首页（东方财富）
142,二级列表（东方财富数据中心）
143,二级列表（东方财富新闻资讯）
144,征稿（东方财富）
145,二级列表（东方财富数据中心）
146,二级列表（东方财富数据中心）
147,二级列表（东方财富数据中心）
148,机构首页（东方财富）
149,股评人首页（东方财富）
150,股吧（新浪）
151,新浪APP广告
152,新浪APP广告
153,机构首页（东方财富）
154,股评人首页（东方财富）
155,机构首页（东方财富）
156,二级列表（东方财富数据中心）
157,二级列表（东方财富数据中心）
158,二级列表（东方财富新闻资讯）
159,机构首页（东方财富）
160,其他板块
161,二级列表（东方财富行情中心）
162,二级列表（东方财富数据中心）
163,二级列表（东方财富数据中心）
164,其他板块
165,话题（东方财富）
166,机构首页（东方财富）
167,股评人首页（东方财富）
168,机构首页（东方财富）
169,股评人首页（东方财富）
170,股吧（新浪）
171,股吧（新浪）
172,机构首页（东方财富）
173,机构首页（东方财富）
174,机构首页（东方财富）
175,二级列表（东方财富数据中心）
176,二级列表（东方财富数据中心）
177,二级列表（东方财富行情中心）
178,二级列表（东方财富行情中心）
179,机构首页（东方财富）
180,机构首页（东方财富）
181,二级列表（东方财富新闻资讯）
182,机构首页（东方财富）
183,机构首页（东方财富）
184,二级列表（东方财富数据中心）
185,股吧（东方财富）
186,机构首页（东方财富）
187,二级列表（东方财富行情中心）
188,股吧（东方财富）
189,股评人首页（东方财富）
190,机构首页（东方财富）
191,二级列表（东方财富数据中心）
192,机构首页（东方财富）
193,二级列表（东方财富数据中心）
194,机构首页（东方财富）
195,股评人首页（东方财富）
196,机构首页（东方财富）
197,股吧（东方财富）
198,二级列表（东方财富数据中心）
199,搜狐APP
200,其他板块
201,机构首页（东方财富）
202,机构首页（东方财富）
203,二级列表（东方财富数据中心）
204,其他板块
205,话题（新浪）
206,股评人首页（东方财富）
207,二级列表（东方财富行情中心）
208,二级列表（东方财富行情中心）
209,斗股（东方财富）
210,二级列表（东方财富数据中心）
211,二级列表（东方财富数据中心）
212,二级列表（东方财富数据中心）
213,二级列表（东方财富数据中心）
214,二级列表（东方财富数据中心）
215,二级列表（东方财富行情中心）
216,二级列表（东方财富行情中心）
217,股评人首页（东方财富）
218,股评人首页（东方财富）
219,二级列表（东方财富数据中心）
220,二级列表（东方财富行情中心）
221,二级列表（东方财富数据中心）
222,其他板块
223,二级列表（东方财富数据中心）
224,二级列表（东方财富行情中心）
225,二级列表（东方财富行情中心）
226,其他板块
227,二级列表（东方财富行情中心）
228,二级列表（东方财富行情中心）
229,二级列表（东方财富行情中心）
230,二级列表（东方财富行情中心）
231,二级列表（东方财富行情中心）
232,二级列表（东方财富行情中心）
233,二级列表（东方财富数据中心）
234,二级列表（东方财富数据中心）
